perimeter_worst,radius_worst,concave points_mean,area_worst,concave points_worst,perimeter_mean,PC1_worse,concavity_mean,radius_mean,concavity_worst,area_se,PC1_means,PC1_standard error (se),texture_mean,smoothness_worst,area_mean,compactness_worst,symmetry_worst,texture_worst,True_Label,Predicted_Label_RF
96.66,15.53,0.06987,614.9,0.1708,86.49,-265.85705659874736,0.1169,13.34,0.4858,12.96,-134.96345513164886,-27.41094097965423,15.86,0.1536,520.0,0.4791,0.3527,23.19,0,1
110.3,16.57,0.05069,812.4,0.1383,90.43,-67.90703230297244,0.07789,13.8,0.2779,23.35,-70.742314659552,-17.007497899587072,15.79,0.1411,584.1,0.3542,0.2589,20.86,1,0
108.1,16.39,0.05246,826.0,0.1374,91.43,-54.45390464835598,0.09789,13.96,0.3209,35.74,-52.41119012452798,-4.602332021255893,17.05,0.1512,602.4,0.3262,0.3068,22.07,1,0
108.4,16.21,0.04938,808.9,0.1225,94.25,-71.4822534572019,0.1204,14.48,0.3349,38.87,-6.505638444748257,-1.442532801336805,21.46,0.1306,648.2,0.1976,0.302,29.25,1,0
108.6,15.85,0.05532,766.9,0.1599,93.97,-113.43788768219176,0.08487,14.44,0.3103,21.2,-14.63144461558104,-19.154654112708933,15.18,0.1316,640.1,0.2735,0.2691,19.85,0,1
